title,company,location,link
Работодателям,ООО Смарт Турбо Технолоджи,Севастополь,/set_user_type?user_type=employer&backurl=%2Fsearch%2Fvacancy%3FhhtmFrom%3Dmain%26hhtmFromLabel%3Dvacancy_search_line%26search_field%3Dname%26search_field%3Dcompany_name%26search_field%3Ddescription%26text%3Djava%26enable_snippets%3Dtrue%26L_save_area%3Dtrue%26page%3D0&hhtmFrom=vacancy_search_list
Java developer (middle/senior),ООО Смарт Турбо Технолоджи,Севастополь,https://adsrv.hh.ru/click?b=1242453&place=35&meta=b6qhHcy5DrMfRU-eo1LOpWKy1aLW9_lF8sfNGvZbiLv4xQbIxbFNy9S6u8cWd8PqKTXbOnn9PqE3WwwBRnpj5yyptAcsY5-gDexA4QfTI0udqfaf169DKEo9B3BkJ9ONNLaMOLMopkvPnVS-00ijeKJzZyu0i1TBZGbontoHe-GJKueOjg80D60CZHdldXHWmd0h9bXfIARDlfqEyppkWaIe4cldLxGS0AFzXUxbTD4TwU6bsu3ekyzjPhUXlZOO-NchI25fckkzKWmG8p2KVPQprTruJl7NyveaPg9dPYj0mhrwZWxEuCs3-6slCPJxG1cr7tWryicduomTsZUqSO6GysZMp-v2pm6a13TLAIMlsJQ9mR279J7dZHTkaw9huSqiQDh4M9y0YQMcI5EmNeZBfcQ1CQHD1ZhiyMoKeFUKyj0TGoxVfB-J19clNSiqEHYYaNFntPTVoIdfD3A84AXQM7AxNg4MI8eCdpCai27nv8S9_DMN98mdFwQ43oUzmqwLr9bwxufug-p3jF52YQ%3D%3D&clickType=link_to_vacancy
Java Middle/ Middle+,VISTAR,Воронеж,https://adsrv.hh.ru/click?b=1246278&place=36&meta=DlsuHwHRzZqjFvZC49WEQxUAclcvcrDA7aAZmNfBGyo06KB27mqoOr_7Gbw9dmpHlA9NR2G5WkGMmhFecX3ItshDYUpOAKiceBNDW-dCRoNfttReHj1aP4GDfI4H6fiO9QIDUlRqBTk6SmpM-y7PSHyuNq_hoGKweZeRQu4AmHcUnRb7CO4902lKeF9ogjI_2FaGSWaplVGiPHL_LdPQ8HwiL28ArVDEhyqOY8uhW6bqKD-ukdAEPKRFejUT37nbXA6VyZhAtGH3zhcUub5pcPNJPh6pn_EBBO7KoH7_vRx4zzLR7bJ_RPk1mSIal0tBaIOwGHqJ1nxeXlc6Qtav0BtRU8woiSP1PzatvVATToDhxjM7LxyU0YlE-mUjTnR1tu66Hu5tZovCiPsvcROzVPZ8bDkw61uYkNf42B4nn72rZvfCh2XbJ00fpHBxLKXUt-n9PtgrDvz7aOikTNsL_G1moZU6TzCBhX0XaDvcCodOvzxO38IWD9QiNv5pLRnsb1eO5HGoTxtNV9eWK-kMDw%3D%3D&clickType=link_to_vacancy
Middle Java Backend Developer,ООО ФИТВЕНД,Екатеринбург,https://nn.hh.ru/vacancy/107154118?query=java&hhtmFrom=vacancy_search_list
Java Auto service,ИП Тищенко В. В.,Бишкек,https://nn.hh.ru/vacancy/107050625?query=java&hhtmFrom=vacancy_search_list
Java-разработчик,CORE,Москва,https://nn.hh.ru/vacancy/106943588?query=java&hhtmFrom=vacancy_search_list
Java developer,Сбер для экспертов,Санкт-Петербург,https://nn.hh.ru/vacancy/107154746?query=java&hhtmFrom=vacancy_search_list
Java разработчик,ООО СК Сбербанк страхование жизни,Москва,https://nn.hh.ru/vacancy/107154421?query=java&hhtmFrom=vacancy_search_list
Java-разработчик,Т-Банк,Чебоксары,https://nn.hh.ru/vacancy/93468450?query=java&hhtmFrom=vacancy_search_list
Java-Разработчик,Т-Банк,Курск,https://nn.hh.ru/vacancy/89986098?query=java&hhtmFrom=vacancy_search_list
Java-разработчик,Т-Банк,Москва,https://nn.hh.ru/vacancy/84012385?query=java&hhtmFrom=vacancy_search_list
Java-разработчик,Т-Банк,Кемерово,https://nn.hh.ru/vacancy/89745676?query=java&hhtmFrom=vacancy_search_list
Java developer,"Hi, Rockits!",Москва,https://nn.hh.ru/vacancy/107153281?query=java&hhtmFrom=vacancy_search_list
Teamlead Java,Eugene Global Consulting,Москва,https://nn.hh.ru/vacancy/107152968?query=java&hhtmFrom=vacancy_search_list
Java-разработчик,Формат кода,Санкт-Петербург,https://nn.hh.ru/vacancy/105877979?query=java&hhtmFrom=vacancy_search_list
Teamlead Java,"билайн: ИТ, Data, Digital",Москва,https://nn.hh.ru/vacancy/104986319?query=java&hhtmFrom=vacancy_search_list
Программист JAVA,ООО ОАК-Ресурс,Москва,https://nn.hh.ru/vacancy/107145061?query=java&hhtmFrom=vacancy_search_list
Java разработчик,ООО Центр Новых Финансовых Сервисов,Москва,https://nn.hh.ru/vacancy/107142266?query=java&hhtmFrom=vacancy_search_list
Java Entwickler,SaM Solutions Самсолюшнс,Минск,https://nn.hh.ru/vacancy/106696192?query=java&hhtmFrom=vacancy_search_list
Java разработчик / Ведущий Java разработчик,Data World,Москва,https://nn.hh.ru/vacancy/105338864?query=java&hhtmFrom=vacancy_search_list
Программист Java,Fix Price. IT,Москва,https://nn.hh.ru/vacancy/107140324?query=java&hhtmFrom=vacancy_search_list
Работодателям,Лига Роботов Екатеринбург,Екатеринбург,/set_user_type?user_type=employer&backurl=%2Fsearch%2Fvacancy%3FhhtmFrom%3Dmain%26hhtmFromLabel%3Dvacancy_search_line%26search_field%3Dname%26search_field%3Dcompany_name%26search_field%3Ddescription%26text%3Djava%26enable_snippets%3Dtrue%26L_save_area%3Dtrue%26page%3D1&hhtmFrom=vacancy_search_list
Преподаватель робототехники и программирования,Лига Роботов Екатеринбург,Екатеринбург,https://adsrv.hh.ru/click?b=1237093&place=35&meta=KmrigrqrWimNODtdMzJM3jZ715svkPkan9cz5bzeHp39Y4oCAmTMi4luo8KaP3iZnj0ZtDco74HJcUZo8yZiy97DvFQhPkfcP5bLy-SqvWqo-q0XGNNyB4eG1dw0kQzLZcMsy4RO1OSNbSIoTMnymcwjKP-nRv0rYfixiwlSb-C1fifAqQMIzFfyKTcGH3a5N7qvaBvOB8aohTO3TLEI0POURRptG4NdR5dOT5WPF7-bO2Gi6NVf0S4btsV7H57FI-23yav2-q56d0yBuqjzCSfWMFbp2h6_HduDjkgnGbjhpVwRbmGmb1jweHFbg7dgNnPtsaUr7ZPQYmEPC9oGuMMPYXNNxCIFcs2Co70vpNKwpVcKD3RtBLmtfX78BuE3W1D8_E3_DSZKwvrcYCBxFOfx0AtDhvR6-138KtmcSJI0RInqnilMt0P1uJo9oAnJzT1wM_6xNdBLKp2WV3RVVNqOJVRaC4uORKAqBLzL-iZtXLpy7lE_WM-JboM8SiBUwDQ4U9lRqv4dDOIryGB-mA%3D%3D&clickType=link_to_vacancy
"Преподаватель программирования в детскую международную школу ""Алгоритмика""",ИП Богодилов Руслан Александрович,Владивосток,https://adsrv.hh.ru/click?b=1213942&place=36&meta=5b1GZs4dyJ4bu9zqLaDvAThjR8LCGryxfRxnbzlPGSbEqXfaPaka6gyYfPeBB794_TKL7kdsWxUb0wRRx0WWrBnjrRq7rtpRsgHzTd2steweCFf_NgiP26SpHuocTcHsS545e4byBUS66iMa4a-tzWZuYyc6W7u3hDGnjBPXQGhhJiMPd7GMOmX5PzyEnEPM-looBin4dNVA7QA4mblKWKj2hbw_r20XufFaRPpD5dPEQbXzOt2Qpc5D_VAv6adyq21dAUCypLksEyouwpW6pLmoMfeMxooIYd9ia0lArFHzHI27_wRYYLUTxC1_PMvfOWtefDSeN0jei48MaEdaEUvq0maw3ah82P1_YjpoCMAQUHsJhM4mCvd8rq5Aka7taeXhrwHyfOA6OTOupLCY-qY9ALwC8vxQmFhVBEF8MhgVU7wiv_Hl9tSn-W2hZM5tbMzu6r7PECKtr4nIh04q0BL_TG56vnvJ9Wim4gMgBLJ91XQGGLgFxetjlzifQSGXxJcCAOLzFiEb0sxho3A1Xg%3D%3D&clickType=link_to_vacancy
Java Developer - Remote,DevCube,Москва,https://nn.hh.ru/vacancy/107147920?query=java&hhtmFrom=vacancy_search_list
Java developer,Сбер для экспертов,Москва,https://nn.hh.ru/vacancy/107112601?query=java&hhtmFrom=vacancy_search_list
Java Backend Developer,ARK,Москва,https://nn.hh.ru/vacancy/104988043?query=java&hhtmFrom=vacancy_search_list
Разработчик Java,ООО Транснефть-Технологии,Иркутск,https://nn.hh.ru/vacancy/103974071?query=java&hhtmFrom=vacancy_search_list
Java developer,Сбер для экспертов,Москва,https://nn.hh.ru/vacancy/107107062?query=java&hhtmFrom=vacancy_search_list
Java- разработчик,ООО ГК Иннотех | Финтех (Иннотех),Нижний Новгород,https://nn.hh.ru/vacancy/107106128?query=java&hhtmFrom=vacancy_search_list
Java-разработчик,ООО ГоИНВЕСТ,Москва,https://nn.hh.ru/vacancy/107105731?query=java&hhtmFrom=vacancy_search_list
Java Developer,ООО Раппорто,Москва,https://nn.hh.ru/vacancy/106547267?query=java&hhtmFrom=vacancy_search_list
Middle Java Developer,ООО Бринго,Москва,https://nn.hh.ru/vacancy/105681437?query=java&hhtmFrom=vacancy_search_list
Java developer,ООО Devino Telecom,Москва,https://nn.hh.ru/vacancy/99967043?query=java&hhtmFrom=vacancy_search_list
Java-разработчик,ООО СимбирСофт,Санкт-Петербург,https://nn.hh.ru/vacancy/106458248?query=java&hhtmFrom=vacancy_search_list
Java-разработчик,ООО ГК Иннотех | Финтех (Иннотех),Москва,https://nn.hh.ru/vacancy/107102992?query=java&hhtmFrom=vacancy_search_list
Java-разработчик (стажер),ООО ГК Иннотех | Мультипродакт,Москва,https://nn.hh.ru/vacancy/107140504?query=java&hhtmFrom=vacancy_search_list
Старший Java-разработчик,"АШАН Ритейл Россия, Работа в магазине",Москва,https://nn.hh.ru/vacancy/107139571?query=java&hhtmFrom=vacancy_search_list
Java/Kotlin Developer,Decart IT-production,Екатеринбург,https://nn.hh.ru/vacancy/106396548?query=java&hhtmFrom=vacancy_search_list
Инженер по автоматизации (Java),Т-Банк,Ижевск,https://nn.hh.ru/vacancy/104225842?query=java&hhtmFrom=vacancy_search_list
Java Support Engineer,ТОО БЭЛЛ ЛАБС (BELLSOFT),Алматы,https://nn.hh.ru/vacancy/105865030?query=java&hhtmFrom=vacancy_search_list
Java Tech Lead (Автокредитование),Сбер для экспертов,Москва,https://nn.hh.ru/vacancy/107155192?query=java&hhtmFrom=vacancy_search_list
Работодателям,Детский центр Учи.ру (ИП Игнатьева Евгения Владимировна),Москва,/set_user_type?user_type=employer&backurl=%2Fsearch%2Fvacancy%3FhhtmFrom%3Dmain%26hhtmFromLabel%3Dvacancy_search_line%26search_field%3Dname%26search_field%3Dcompany_name%26search_field%3Ddescription%26text%3Djava%26enable_snippets%3Dtrue%26L_save_area%3Dtrue%26page%3D2&hhtmFrom=vacancy_search_list
Преподаватель по программированию (оффлайн),Детский центр Учи.ру (ИП Игнатьева Евгения Владимировна),Москва,https://adsrv.hh.ru/click?b=1237258&place=35&meta=qJxXRxCSsxe0GUa_fpd86ofu1xVMeXjNnUZ2Oy-_4-SraHboCMJkE54S8zIx30KQKdBsfVfhbgvAipduhJR3JCX8uvPmu8YBn_Fh-VVYJwV0SvJENo1kcVaT16WWXwyzQJmUreaglXN9c2vBZz-T0cNvkhLmmI8Su17A8HtqlBqPgIfOcgulpmqn7PpKrgmiKFjVbkE9S12lX4wET6suZfN-lQgHnFuj5HcXae6Ghi_XtkpOp9cbvzUXZcQEiFKfH88ejhlDzj4_5wHp9efnxRui4Y6XgJ8P0b7d3Ih2zp9KGgzyALtFhHGqegwoauuc7jp9n1Lf-J2agThMa8oQkeANG0ZvvuWGuMrb5YPhDYgMMcD5zdpJTaain3FqIyOzhUPjrq_TVpVJfh8c5gkSn9sgHKIVWuqn4uoQUPOXd4t_O3p8Mxjo4Re-QKT-i3Wm0IZRgd__fqMFHdKb5iJN6HXBCrs7040F6HrZkEUjIthHf3OVkD6CWKFeieHwKzp6LXwt-MU8v3f5tfx4gbmaxw%3D%3D&clickType=link_to_vacancy
Системный администратор / Devops,ООО Солид Системс,Тула,https://adsrv.hh.ru/click?b=1238429&place=36&meta=0QSadFEWt1eLY80ELLWk3dfVQ_pl96RAo753Ncx1SW3K0Nhf7uGVAY1CwNmhH-fbhHg0Mluc756ciC9PaxgPlSpjcdJgDt6Mp-lFAT5Ohr_Hs5WRRVh2HeneSZehZU3MicDr2W6beSejHUZIX19PRbJJWiFNfFlki7ti8buNIP0bkoagiJ8YL27tavadcsb9ouqr91guOjpxuH-gvlyMfNzkZeDY-exFjGTnC1JMdz0Fh6j2fDj4W5J7qEuRryXXpCUVhfCkglPsh4iLJN-uPq8pwrOdjc88wcFPztUhycKixOx64UlodOPNG4XhZ_A-IIZ79FO8FmD71YgB3ExDCHtS5OsLGlg5zbJ6P-2rDIsFS2l1gLxUT6-4HKJ8v6XQghjVeQzBqhtb-UiNUr7hSAGRw6VAFm9_i_pVa_PuXETunA8IcVaGHN8hHUCYiNB73WN1L3XbD_XcETphWk8KvUQgmdEhZCoySNKQHZdA6khX-GpiY50WDXzSiQfWXIqlYGbANqEe5tDMKlvQmH1EDg%3D%3D&clickType=link_to_vacancy
Senior Java-разработчик (Ядровая),Сбер для экспертов,Москва,https://nn.hh.ru/vacancy/107138766?query=java&hhtmFrom=vacancy_search_list
QA Automation Java,Сбер для экспертов,Самара,https://nn.hh.ru/vacancy/106832262?query=java&hhtmFrom=vacancy_search_list
Senior java разработчик,ТОО Magnum E-commerce Kazakhstan,Алматы,https://nn.hh.ru/vacancy/106613871?query=java&hhtmFrom=vacancy_search_list
Senior/Middle+ Backend developer (Java),Minervasoft,Москва,https://nn.hh.ru/vacancy/106578505?query=java&hhtmFrom=vacancy_search_list
Java разработчик (Операции с наличными),Сбер для экспертов,Москва,https://nn.hh.ru/vacancy/107152802?query=java&hhtmFrom=vacancy_search_list
Java разработчик (ecomm),"ПАО МегаФон, IT",Москва,https://nn.hh.ru/vacancy/106221141?query=java&hhtmFrom=vacancy_search_list
QA Automation Engineer (Java),Сбер для экспертов,Москва,https://nn.hh.ru/vacancy/107136642?query=java&hhtmFrom=vacancy_search_list
Java Developer (СберИнвестор),Сбер для экспертов,Санкт-Петербург,https://nn.hh.ru/vacancy/107106627?query=java&hhtmFrom=vacancy_search_list
Java-разработчик (Middle),ООО АйтиКом,Краснодар,https://nn.hh.ru/vacancy/101484918?query=java&hhtmFrom=vacancy_search_list
Разработчик Java (корпоративная система),Росгосстрах,Москва,https://nn.hh.ru/vacancy/85314622?query=java&hhtmFrom=vacancy_search_list
Java разработчик (senior),АО Санкт-Петербургская Международная Товарно-сырьевая Биржа,Москва,https://nn.hh.ru/vacancy/106096408?query=java&hhtmFrom=vacancy_search_list
"Младший разработчик (JavaScript, Java)",Doczilla,Москва,https://nn.hh.ru/vacancy/106121883?query=java&hhtmFrom=vacancy_search_list
Ведущий разработчик java отдела программирования,Ассоциация НП Совет рынка,Москва,https://nn.hh.ru/vacancy/107149872?query=java&hhtmFrom=vacancy_search_list
Senior Back-End Developer (Java/Kotlin),Flocktory,Москва,https://nn.hh.ru/vacancy/107155843?query=java&hhtmFrom=vacancy_search_list
Java-разработчик (Junior),ООО СимбирСофт,Новосибирск,https://nn.hh.ru/vacancy/107102063?query=java&hhtmFrom=vacancy_search_list
Java Developer в SberPrivate,Домклик,Москва,https://nn.hh.ru/vacancy/106387648?query=java&hhtmFrom=vacancy_search_list
Java Developer (Senior),Сбер для экспертов,Новосибирск,https://nn.hh.ru/vacancy/107101569?query=java&hhtmFrom=vacancy_search_list
Разработчик Java (J2EE),Sputnik,Москва,https://nn.hh.ru/vacancy/107145544?query=java&hhtmFrom=vacancy_search_list
